customerId,contactName,name
584,Richard,Richard Widick
585,Kirk,Kirk Wilen
586,Bruce,Bruce Windish
587,Singleton,Singleton Wrye
588,Mathis,Mathis Yeargan
589,Bradford,Bradford Bogdanski
590,Boone,Boone Boylen
591,Abbott,Abbott Carretero
592,Charles,Charles Consalvo
593,Allison,Allison Cryder
594,Sweeney,Sweeney Cubillos
595,Atkinson,Atkinson Deponte
596,Horn,Horn Devenport
597,Jefferson,Jefferson Dweck
598,Rosales,Rosales Fioravanti
599,York,York Forrey
600,Christian,Christian Furgason
601,Phelps,Phelps Gatchalian
602,Farrell,Farrell Geisen
603,Castaneda,Castaneda Gombos
604,Nash,Nash Hartlage
605,Dickerson,Dickerson Hinners
606,Bond,Bond Hollingshed
607,Wyatt,Wyatt Huddy
608,Foley,Foley Kou
609,Chase,Chase Matern
610,Gates,Gates Matsko
611,Vincent,Vincent Muffley
612,Mathews,Mathews Niazi
613,Hodge,Hodge Nodarse
614,Garrison,Garrison Paduano
615,Trevino,Trevino Parlato
616,Villarreal,Villarreal Pawelek
617,Heath,Heath Pennix
618,Dalton,Dalton Perrodin
619,Valencia,Valencia Pyper
620,Callahan,Callahan Ranum
621,Hensley,Hensley Rubert
622,Atkins,Atkins Stahnke
623,Huffman,Huffman Udall
624,Roy,Roy Virella
625,Boyer,Boyer Abler
626,Shields,Shields Agne
627,Lin,Lin Arvie
628,Hancock,Hancock Baldyga
629,Grimes,Grimes Bolter
630,Glenn,Glenn Bossie
631,Cline,Cline Bunde
632,Delacruz,Delacruz Caya
633,Camacho,Camacho Ceci
634,Dillon,Dillon Chrostowski
635,Parrish,Parrish Coia
636,Oneill,Oneill Dado
637,Melton,Melton Degray
638,Booth,Booth Dewoody
639,Kane,Kane Frable
640,Berg,Berg Frizell
641,Harrell,Harrell Handshoe
642,Pitts,Pitts Hartzel
643,Savage,Savage Haverstick
644,Wiggins,Wiggins Helderman
645,Brennan,Brennan Kagel
646,Salas,Salas Kinnan
647,Marks,Marks Kirsh
648,Russo,Russo Krock
649,Sawyer,Sawyer Kubica
650,Baxter,Baxter Lambing
651,Golden,Golden Laun
652,Hutchinson,Hutchinson Leimbach
653,Liu,Liu Limerick
654,Walter,Walter Manwarren
655,Mcdowell,Mcdowell Marolf
656,Wiley,Wiley Maynez
657,Rich,Rich Mecklenburg
658,Humphrey,Humphrey Messmore
659,Johns,Johns Milich
660,Koch,Koch Mor
661,Suarez,Suarez Nachreiner
662,Hobbs,Hobbs Novelo
663,Beard,Beard Piersol
664,Gilmore,Gilmore Poer
665,Ibarra,Ibarra Raspberry
666,Keith,Keith Saulters
667,Macias,Macias Staple
668,Khan,Khan Vaupel
669,Andrade,Andrade Wery
670,Ware,Ware Achille
671,Stephenson,Stephenson Bartkus
672,Henson,Henson Beshara
673,Wilkerson,Wilkerson Bogie
674,Dyer,Dyer Breisch
675,Mcclure,Mcclure Bulls
676,Blackwell,Blackwell Burkins
677,Mercado,Mercado Busalacchi
678,Tanner,Tanner Calkin
679,Eaton,Eaton Cashdollar
680,Clay,Clay Corbridge
681,Barron,Barron Corkum
682,Beasley,Beasley Craker
683,Oneal,Oneal Crilley
684,Preston,Preston Cuny
685,Small,Small Cutchin
686,Wu,Wu Delgaudio
687,Zamora,Zamora Devenney
688,Macdonald,Macdonald Eary
689,Vance,Vance Emanuelson
690,Snow,Snow Fiel
691,Mcclain,Mcclain Galanti
692,Stafford,Stafford Gingery
693,Orozco,Orozco Gravina
694,Barry,Barry Guyon
695,English,English Heiberger
696,Shannon,Shannon Herzing
697,Kline,Kline Huckaba
698,Jacobson,Jacobson Jaquish
699,Woodard,Woodard Kar
700,Huang,Huang Kellermann
701,Kemp,Kemp Ketola
702,Mosley,Mosley Klunder
703,Prince,Prince Kolinski
704,Merritt,Merritt Kosak
705,Hurst,Hurst Lafavor
706,Villanueva,Villanueva Landress
707,Roach,Roach Leichty
708,Nolan,Nolan Loscalzo
709,Lam,Lam Manifold
710,Yoder,Yoder Moehle
711,Mccullough,Mccullough Montas
712,Lester,Lester Nazir
713,Santana,Santana Ressel
714,Valenzuela,Valenzuela Rigel
715,Winters,Winters Riggen
716,Barrera,Barrera Shambo
717,Leach,Leach Skora
718,Orr,Orr Steakley
719,Berger,Berger Torry
720,Mckee,Mckee Traugott
721,Strong,Strong Volden
722,Conway,Conway Wiedmann
723,Stein,Stein Yankowski
724,Whitehead,Whitehead Yeadon
725,Bullock,Bullock Aikey
726,Escobar,Escobar Ardolino
727,Knox,Knox Azzam
728,Meadows,Meadows Bergstresser
729,Solomon,Solomon Berrong
730,Velez,Velez Cen
731,Odonnell,Odonnell Corniel
732,Kerr,Kerr Delpriore
733,Stout,Stout Divelbiss
734,Blankenship,Blankenship Ducre
735,Browning,Browning Endy
736,Kent,Kent Fishkin
737,Lozano,Lozano Flud
738,Bartlett,Bartlett Gaucin
739,Pruitt,Pruitt Hemmingsen
740,Buck,Buck Hiley
741,Barr,Barr Inscore
742,Gaines,Gaines Kathman
743,Durham,Durham Kehres
744,Gentry,Gentry Kempen
745,Mcintyre,Mcintyre Koble
746,Sloan,Sloan Loeffelholz
747,Melendez,Melendez Logwood
748,Rocha,Rocha Maestre
749,Herman,Herman Mcmonigle
750,Sexton,Sexton Mensinger
751,Moon,Moon Merendino
752,Hendricks,Hendricks Meske
753,Rangel,Rangel Nudo
754,Stark,Stark Pargas
755,Lowery,Lowery Pietrzyk
756,Hardin,Hardin Renfrew
757,Hull,Hull Shevchenko
758,Sellers,Sellers Shuffler
759,Ellison,Ellison Soard
760,Calhoun,Calhoun Wied
761,Gillespie,Gillespie Bernacki
762,Mora,Mora Castronovo
763,Knapp,Knapp Cima
764,Mccall,Mccall Civil
765,Morse,Morse Critz
766,Dorsey,Dorsey Digeronimo
767,Weeks,Weeks Dokes
768,Nielsen,Nielsen Douty
769,Livingston,Livingston Finigan
770,Leblanc,Leblanc Formoso
771,Mclean,Mclean Handelman
772,Bradshaw,Bradshaw Hauswirth
773,Glass,Glass Heberer
774,Middleton,Middleton Himmelberger
775,Buckley,Buckley Janelle
776,Schaefer,Schaefer Janowicz
777,Frost,Frost Jaudon
778,Howe,Howe Kealey
779,House,House Kellough
780,Mcintosh,Mcintosh Klostermann
781,Ho,Ho Lebon
782,Pennington,Pennington Lochridge
783,Reilly,Reilly Mcdiarmid
784,Hebert,Hebert Nordmeyer
785,Mcfarland,Mcfarland Patchell
786,Hickman,Hickman Pocius
787,Noble,Noble Sabat
788,Spears,Spears Schmale
789,Conrad,Conrad Shaddox
790,Arias,Arias Sigurdson
791,Galvan,Galvan Simic
792,Velazquez,Velazquez Sitzes
793,Huynh,Huynh Slappy
794,Frederick,Frederick Spaw
795,Randolph,Randolph Steury
796,Cantu,Cantu Urbanik
797,Fitzpatrick,Fitzpatrick Verstraete
798,Mahoney,Mahoney Voller
799,Peck,Peck Whitehall
800,Villa,Villa Zachariah
801,Michael,Michael Arnall
802,Donovan,Donovan Avans
803,Mcconnell,Mcconnell Babiak
804,Walls,Walls Balsam
805,Boyle,Boyle Bezanson
806,Mayer,Mayer Bocook
807,Zuniga,Zuniga Bohall
808,Giles,Giles Brandao
809,Pineda,Pineda Celi
810,Pace,Pace Costillo
811,Hurley,Hurley Crom
812,Mays,Mays Crusan
813,Mcmillan,Mcmillan Dibari
814,Crosby,Crosby Donaho
815,Ayers,Ayers Faulcon
816,Case,Case Fill
817,Bentley,Bentley Followell
818,Shepard,Shepard Fujikawa
819,Everett,Everett Gaudino
820,Pugh,Pugh Gericke
821,David,David Gori
822,Mcmahon,Mcmahon Hurrell
823,Dunlap,Dunlap Jakubiak
824,Bender,Bender Kazemi
825,Hahn,Hahn Khokhar
826,Harding,Harding Kimmet
827,Acevedo,Acevedo Klingel
828,Raymond,Raymond Koslosky
829,Blackburn,Blackburn Lastrapes
830,Duffy,Duffy Mandella
831,Landry,Landry Massoud
832,Dougherty,Dougherty Mccadden
833,Bautista,Bautista Mencer
834,Shah,Shah Montuori
835,Potts,Potts Moultry
836,Arroyo,Arroyo Niebla
837,Valentine,Valentine Noffke
838,Meza,Meza Panjwani
839,Gould,Gould Papandrea
840,Vaughan,Vaughan Patella
841,Fry,Fry Plambeck
842,Rush,Rush Plichta
843,Avery,Avery Prinkey
844,Herring,Herring Raptis
845,Dodson,Dodson Rowser
846,Clements,Clements Ruffini
847,Sampson,Sampson Sabio
848,Tapia,Tapia Safrit
849,Bean,Bean Sherley
850,Lynn,Lynn Shoen
851,Crane,Crane Sircy
852,Farley,Farley Smack
853,Cisneros,Cisneros Stoffregen
854,Benton,Benton Sydney
855,Ashley,Ashley Temkin
856,Mckay,Mckay Thammavong
857,Finley,Finley Thul
858,Best,Best Turan
859,Blevins,Blevins Vandall
860,Friedman,Friedman Varelas
861,Moses,Moses Whobrey
862,Sosa,Sosa Wyeth
863,Blanchard,Blanchard Zalenski
864,Huber,Huber Abbett
865,Frye,Frye Alphonso
866,Krueger,Krueger Axford
867,Bernard,Bernard Bergland
868,Rosario,Rosario Bloodsworth
869,Rubio,Rubio Callegari
870,Mullen,Mullen Capwell
871,Benjamin,Benjamin Collen
872,Haley,Haley Consoli
873,Chung,Chung Datz
874,Moyer,Moyer Delillo
875,Choi,Choi Delisa
876,Horne,Horne Dicaprio
877,Yu,Yu Dimare
878,Woodward,Woodward Faughnan
879,Ali,Ali Fehrenbacher
880,Nixon,Nixon Furgeson
881,Hayden,Hayden Gellert
882,Rivers,Rivers Ging
883,Estes,Estes Gladhill
884,Mccarty,Mccarty Goates
885,Richmond,Richmond Gumbert
886,Stuart,Stuart Hammerstrom
887,Maynard,Maynard Hilbun
888,Brandt,Brandt Iodice
889,Oconnell,Oconnell Kadish
890,Hanna,Hanna Kilker
891,Sanford,Sanford Lurvey
892,Sheppard,Sheppard Maue
893,Church,Church Michna
894,Burch,Burch Milanowski
895,Levy,Levy Moch
896,Rasmussen,Rasmussen Musolf
897,Coffey,Coffey Naeger
898,Ponce,Ponce Okonski
899,Faulkner,Faulkner Orrison
900,Donaldson,Donaldson Orzech
901,Schmitt,Schmitt Ozier
902,Novak,Novak Parslow
903,Costa,Costa Paulding
904,Montes,Montes Pawelski
905,Booker,Booker Quenzer
906,Cordova,Cordova Raboin
907,Waller,Waller Ringold
908,Arellano,Arellano Risdon
909,Maddox,Maddox Sader
910,Mata,Mata Sawka
911,Bonilla,Bonilla Solache
912,Stanton,Stanton Velis
913,Compton,Compton Verdone
914,Kaufman,Kaufman Wilczewski
915,Dudley,Dudley Willemsen
916,Mcpherson,Mcpherson Woehler
917,Beltran,Beltran Yarde
918,Dickson,Dickson Yonke
919,Mccann,Mccann Zebley
920,Villegas,Villegas Balderama
921,Proctor,Proctor Benscoter
922,Hester,Hester Boldon
923,Cantrell,Cantrell Brittan
924,Daugherty,Daugherty Cauffman
925,Cherry,Cherry Chovanec
926,Bray,Bray Denhartog
927,Davila,Davila Difonzo
928,Rowland,Rowland Dolinsky
929,Levine,Levine Elster
930,Madden,Madden Fagerstrom
931,Spence,Spence Galanis
932,Good,Good Jeziorski
933,Irwin,Irwin Kerce
934,Werner,Werner Krasowski
935,Krause,Krause Lansdale
936,Petty,Petty Laven
937,Whitney,Whitney Magallan
938,Baird,Baird Mahal
939,Hooper,Hooper Malacara
940,Pollard,Pollard Mccosh
941,Zavala,Zavala Mcintee
942,Jarvis,Jarvis Mehrer
943,Holden,Holden Mincher
944,Haas,Haas Modugno
945,Hendrix,Hendrix Naus
946,Mcgrath,Mcgrath Nickol
947,Bird,Bird Peltzer
948,Lucero,Lucero Petraitis
949,Terrell,Terrell Pritz
950,Riggs,Riggs Quilter
951,Joyce,Joyce Salway
952,Mercer,Mercer Savich
953,Rollins,Rollins Schmehl
954,Galloway,Galloway Spike
955,Duke,Duke Teniente
956,Odom,Odom Tsay
957,Andersen,Andersen Tuccillo
958,Downs,Downs Vanvoorst
959,Hatfield,Hatfield Wahlquist
960,Benitez,Benitez Wetz
961,Archer,Archer Bleecker
962,Huerta,Huerta Bonini
963,Travis,Travis Brozovich
964,Mcneil,Mcneil Bruinsma
965,Hinton,Hinton Burgueno
966,Zhang,Zhang Calvey
967,Hays,Hays Camfield
968,Mayo,Mayo Catalfamo
969,Fritz,Fritz Cotugno
970,Branch,Branch Dieudonne
971,Mooney,Mooney Dioguardi
972,Ewing,Ewing Fukunaga
973,Ritter,Ritter Guzzetta
974,Esparza,Esparza Hanak
975,Frey,Frey Heslep
976,Braun,Braun Krog
977,Gay,Gay Lacerda
978,Riddle,Riddle Larrivee
979,Haney,Haney Lepera
980,Kaiser,Kaiser Lipschutz
981,Holder,Holder Manderson
982,Chaney,Chaney Mcgowin
983,Mcknight,Mcknight Pinilla
984,Gamble,Gamble Reichenberger
985,Vang,Vang Rovner
986,Cooley,Cooley Rubiano
987,Carney,Carney Saraiva
988,Cowan,Cowan Sattar
989,Forbes,Forbes Sholtis
990,Ferrell,Ferrell Smolka
991,Davies,Davies Soboleski
992,Barajas,Barajas Strickling
993,Shea,Shea Tallmadge
994,Osborn,Osborn Thivierge
995,Bright,Bright Tree
996,Cuevas,Cuevas Wigand
997,Bolton,Bolton Wikle
998,Murillo,Murillo Ahola
999,Lutz,Lutz Armacost
1000,Duarte,Duarte Badley
1001,Kidd,Kidd Bearse
1002,Key,Key Bentsen
1003,Cooke,Cooke Bierer
1004,Goff,Goff Cohenour
1005,Dejesus,Dejesus Depass
1006,Marin,Marin Dobberstein
1007,Dotson,Dotson Downum
1008,Bonner,Bonner Drechsel
1009,Cotton,Cotton Farooqi
1010,Merrill,Merrill Fawaz
1011,Lindsay,Lindsay Filosa
1012,Lancaster,Lancaster Flemons
1013,Mcgowan,Mcgowan Fornes
1014,Felix,Felix Francesconi
1015,Salgado,Salgado Hobbins
1016,Slater,Slater Holderbaum
1017,Carver,Carver Kielbasa
1018,Guthrie,Guthrie Killingbeck
1019,Holman,Holman Laseter
1020,Fulton,Fulton Latella
1021,Snider,Snider Litaker
1022,Sears,Sears Mccaughan
1023,Witt,Witt Mcculloh
1024,Newell,Newell Mcguffie
1025,Byers,Byers Monarch
1026,Lehman,Lehman Nicolson
1027,Gorman,Gorman Nimtz
1028,Costello,Costello Ozawa
1029,Donahue,Donahue Papadakis
1030,Delaney,Delaney Polhamus
1031,Albert,Albert Politano
1032,Workman,Workman Poucher
1033,Rosas,Rosas Prieur
1034,Springer,Springer Roads
1035,Justice,Justice Roussin
1036,Kinney,Kinney Safley
1037,Odell,Odell Schwer
1038,Lake,Lake Shorten
1039,Donnelly,Donnelly Sisley
1040,Law,Law Skousen
1041,Dailey,Dailey Stthomas
1042,Guevara,Guevara Tesoro
1043,Shoemaker,Shoemaker Theiler
1044,Barlow,Barlow Tsan
1045,Marino,Marino Verges
1046,Winter,Winter Wintersteen
1047,Craft,Craft Zanni
1048,Katz,Katz Zingale
1049,Pickett,Pickett Aime
1050,Espinosa,Espinosa Appleyard
1051,Daly,Daly Aylsworth
1052,Maloney,Maloney Barberi
1053,Goldstein,Goldstein Barlage
1054,Crowley,Crowley Bonta
1055,Vogel,Vogel Brancheau
1056,Kuhn,Kuhn Buening
1057,Pearce,Pearce Carstarphen
1058,Hartley,Hartley Cheetham
1059,Cleveland,Cleveland Contini
1060,Palacios,Palacios Crespi
1061,Mcfadden,Mcfadden Cugini
1062,Britt,Britt Dahlem
1063,Wooten,Wooten Delacy
1064,Cortes,Cortes Dixion
1065,Dillard,Dillard Dufort
1066,Childers,Childers Eiben
1067,Alford,Alford Fahs
1068,Dodd,Dodd Faso
1069,Emerson,Emerson Forni
1070,Wilder,Wilder Gallery
1071,Lange,Lange Gerety
1072,Goldberg,Goldberg Gutekunst
1073,Quintero,Quintero Hartog
1074,Beach,Beach Jelen
1075,Enriquez,Enriquez Leamer
1076,Quintana,Quintana Liwanag
1077,Helms,Helms Loayza
1078,Mackey,Mackey Maugeri
1079,Finch,Finch Mcgannon
1080,Cramer,Cramer Meech
1081,Minor,Minor Molock
1082,Flanagan,Flanagan Osorno
1083,Franks,Franks Paratore
1084,Corona,Corona Postle
1085,Kendall,Kendall Prow
1086,Mccabe,Mccabe Romey
1087,Hendrickson,Hendrickson Sahagian
1088,Moser,Moser Sarracino
1089,Mcdermott,Mcdermott Scallon
1090,Camp,Camp Sypniewski
1091,Mcleod,Mcleod Teters
1092,Bernal,Bernal Throgmorton
1093,Kaplan,Kaplan Vogelpohl
1094,Medrano,Medrano Walkowski
1095,Lugo,Lugo Wigal
1096,Tracy,Tracy Winchel
1097,Bacon,Bacon Betker
1098,Crowe,Crowe Bondarenko
1099,Richter,Richter Buchko
1100,Welsh,Welsh Comrie
1101,Holley,Holley Cotterell
1102,Ratliff,Ratliff Eischens
1103,Mayfield,Mayfield Fatheree
1104,Talley,Talley Glavan
1105,Haines,Haines Gradney
1106,Dale,Dale Hannold
1107,Gibbons,Gibbons Heafner
1108,Hickey,Hickey Jayroe
1109,Byrne,Byrne Karaffa
1110,Kirkland,Kirkland Krabbe
1111,Farris,Farris Meinzer
1112,Correa,Correa Milder
1113,Tillman,Tillman Montello
1114,Sweet,Sweet Neyer
1115,Kessler,Kessler Niedermeyer
1116,England,England Obar
1117,Hewitt,Hewitt Olgin
1118,Blanco,Blanco Pin
1119,Connolly,Connolly Poullard
1120,Pate,Pate Pro
1121,Elder,Elder Raeder
1122,Bruno,Bruno Reeds
1123,Holcomb,Holcomb Sarff
1124,Hyde,Hyde Senechal
1125,Mcallister,Mcallister Sette
1126,Cash,Cash Shovlin
1127,Christopher,Christopher Slife
1128,Whitfield,Whitfield Stanis
1129,Meeks,Meeks Tallarico
1130,Hatcher,Hatcher Trivino
1131,Fink,Fink Wyszynski
1132,Sutherland,Sutherland Zamor
1133,Noel,Noel Audia
1134,Ritchie,Ritchie Ayuso
1135,Rosa,Rosa Blincoe
1136,Leal,Leal Bulow
1137,Joyner,Joyner Calarco
1138,Starr,Starr Cena
1139,Morin,Morin Ciccarello
1140,Delarosa,Delarosa Cloe
1141,Connor,Connor Consolo
1142,Hilton,Hilton Davydov
1143,Alston,Alston Decristofaro
1144,Gilliam,Gilliam Delmundo
1145,Wynn,Wynn Dubrow
1146,Wills,Wills Ellinwood
1147,Jaramillo,Jaramillo Facemire
1148,Oneil,Oneil Gehling
1149,Nieves,Nieves Halberstadt
1150,Britton,Britton Hascall
1151,Rankin,Rankin Hoeffner
1152,Belcher,Belcher Huettl
1153,Guy,Guy Iafrate
1154,Chamberlain,Chamberlain Imig
1155,Tyson,Tyson Januszewski
1156,Puckett,Puckett Jefcoat
1157,Downing,Downing Khoo
1158,Sharpe,Sharpe Ki
1159,Boggs,Boggs Kissler
1160,Truong,Truong Klebba
1161,Pierson,Pierson Kovacik
1162,Godfrey,Godfrey Krausz
1163,Mobley,Mobley Kuether
1164,John,John Kulla
1165,Kern,Kern Maire
1166,Dye,Dye Marchesani
1167,Hollis,Hollis Margo
1168,Bravo,Bravo Mayhan
1169,Magana,Magana Moroni
1170,Rutherford,Rutherford Nieder
1171,Ng,Ng Ormonde
1172,Tuttle,Tuttle Platzer
1173,Lim,Lim Preusser
1174,Romano,Romano Rebel
1175,Arthur,Arthur Reidhead
1176,Trejo,Trejo Riehm
1177,Knowles,Knowles Robertshaw
1178,Lyon,Lyon Runco
1179,Shirley,Shirley Sandino
1180,Quinones,Quinones Schorn
1181,Childs,Childs Spare
1182,Dolan,Dolan Sundby
1183,Head,Head Tehan
1184,Reyna,Reyna Tinson
1185,Saenz,Saenz Trefethen
1186,Hastings,Hastings Trias
1187,Kenney,Kenney Tribby
1188,Cano,Cano Usman
1189,Foreman,Foreman Vizcarrondo
1190,Denton,Denton Whidby
1191,Villalobos,Villalobos Yamazaki
1192,Pryor,Pryor Ziesmer
1193,Sargent,Sargent Altemose
1194,Doherty,Doherty Ausburn
1195,Hopper,Hopper Bagnell
1196,Phan,Phan Belloso
1197,Womack,Womack Beougher
1198,Lockhart,Lockhart Birchall
1199,Ventura,Ventura Bordes
1200,Dwyer,Dwyer Calamari
1201,Muller,Muller Callander
1202,Galindo,Galindo Cantara
1203,Grace,Grace Demetriou
1204,Sorensen,Sorensen Deyoe
1205,Courtney,Courtney Galford
1206,Parra,Parra Glassco
1207,Rodrigues,Rodrigues Hast
1208,Nicholas,Nicholas Heiny
1209,Ahmed,Ahmed Henri
1210,Mcginnis,Mcginnis Herner
1211,Langley,Langley Hieronymus
1212,Madison,Madison Jabbar
1213,Locke,Locke Jehle
1214,Jamison,Jamison Khachatryan
1215,Nava,Nava Kristof
1216,Gustafson,Gustafson Kubas
1217,Sykes,Sykes Lormand
1218,Dempsey,Dempsey Mano
1219,Hamm,Hamm Marullo
1220,Rodriquez,Rodriquez Munar
1221,Mcgill,Mcgill Murren
1222,Xiong,Xiong Naim
1223,Esquivel,Esquivel Neidigh
1224,Simms,Simms Niblock
1225,Kendrick,Kendrick Ogas
1226,Boyce,Boyce Riccitelli
1227,Vigil,Vigil Salveson
1228,Downey,Downey Seagrave
1229,Mckenna,Mckenna Senesac
1230,Sierra,Sierra Sidman
1231,Webber,Webber Somes
1232,Kirkpatrick,Kirkpatrick Suchocki
1233,Dickinson,Dickinson Tortorello
1234,Couch,Couch Trombino
1235,Burks,Burks Vullo
1236,Sheehan,Sheehan Alo
1237,Slaughter,Slaughter Aydelott
1238,Pike,Pike Badura
1239,Whitley,Whitley Balcerzak
1240,Magee,Magee Clerkin
1241,Cheng,Cheng Cowing
1242,Sinclair,Sinclair Criollo
1243,Cassidy,Cassidy Cutbirth
1244,Rutledge,Rutledge Dashnaw
1245,Burris,Burris Dejoseph
1246,Bowling,Bowling Desaulniers
1247,Crabtree,Crabtree Dieu
1248,Mcnamara,Mcnamara Dimperio
1249,Avalos,Avalos Dubord
1250,Vu,Vu Fawbush
1251,Herron,Herron Frankland
1252,Broussard,Broussard Gaby
1253,Abraham,Abraham Gruszka
1254,Garland,Garland Gunby
1255,Corbett,Corbett Haske
1256,Corbin,Corbin Hehr
1257,Stinson,Stinson Hockey
1258,Chin,Chin Hoda
1259,Burt,Burt Kolander
1260,Hutchins,Hutchins Kusiak
1261,Woodruff,Woodruff Lampron
1262,Lau,Lau Mapel
1263,Brandon,Brandon Marchena
1264,Singer,Singer Mawson
1265,Hatch,Hatch Mednick
1266,Rossi,Rossi Modeste
1267,Shafer,Shafer Montie
1268,Ott,Ott Morten
1269,Goss,Goss Mumme
1270,Gregg,Gregg Naramore
1271,Dewitt,Dewitt Pickrel
1272,Tang,Tang Raffel
1273,Polk,Polk Rise
1274,Worley,Worley Ruter
1275,Covington,Covington Sawa
1276,Saldana,Saldana Sencion
1277,Heller,Heller Somogyi
1278,Emery,Emery Ventola
1279,Swartz,Swartz Zabawa
1280,Cho,Cho Alagna
1281,Mccray,Mccray Babula
1282,Elmore,Elmore Barbone
1283,Rosenberg,Rosenberg Bena
1284,Simons,Simons Berzins
1285,Clemons,Clemons Brener
1286,Beatty,Beatty Buckey
1287,Harden,Harden Burmaster
1288,Herbert,Herbert Chirco
1289,Bland,Bland Commins
1290,Rucker,Rucker Demirjian
1291,Manley,Manley Dietze
1292,Ziegler,Ziegler Dolle
1293,Grady,Grady Franca
1294,Lott,Lott Gago
1295,Rouse,Rouse Gjerde
1296,Gleason,Gleason Griffy
1297,Mcclellan,Mcclellan Haseltine
1298,Abrams,Abrams Heinbaugh
1299,Vo,Vo Heiskell
1300,Albright,Albright Henneke
1301,Meier,Meier Hilgenberg
1302,Dunbar,Dunbar Huntress
1303,Ackerman,Ackerman Kochel
1304,Padgett,Padgett Korba
1305,Mayes,Mayes Levitz
1306,Tipton,Tipton Lorenzini
1307,Coffman,Coffman Mansilla
1308,Peralta,Peralta Masih
1309,Shapiro,Shapiro Nist
1310,Roe,Roe Osley
1311,Weston,Weston Pattie
1312,Plummer,Plummer Peffley
1313,Helton,Helton Poletti
1314,Stern,Stern Portelli
1315,Fraser,Fraser Ritts
1316,Stover,Stover Rottinghaus
1317,Fish,Fish Rousse
1318,Schumacher,Schumacher Sausedo
1319,Baca,Baca Schena
1320,Curran,Curran Scifres
1321,Vinson,Vinson Stadel
1322,Vera,Vera Stettner
1323,Clifton,Clifton Swauger
1324,Ervin,Ervin Toolan
1325,Eldridge,Eldridge Vanwart
1326,Lowry,Lowry Verley
1327,Childress,Childress Vorhies
1328,Becerra,Becerra Worst
1329,Gore,Gore Wurzer
1330,Seymour,Seymour Yadav
1331,Chu,Chu Yebra
1332,Field,Field Anastos
1333,Akers,Akers Annunziato
1334,Carrasco,Carrasco Bazil
1335,Bingham,Bingham Bora
1336,Sterling,Sterling Burkitt
1337,Greenwood,Greenwood Butte
1338,Leslie,Leslie Cheely
1339,Groves,Groves Cino
1340,Manuel,Manuel Codding
1341,Swain,Swain Cooter
1342,Edmonds,Edmonds Criado
1343,Muniz,Muniz Firestine
1344,Thomson,Thomson Goecke
1345,Crouch,Crouch Golda
1346,Walden,Walden Griffee
1347,Smart,Smart Gutzman
1348,Tomlinson,Tomlinson Holloran
1349,Alfaro,Alfaro Homen
1350,Quick,Quick Humpherys
1351,Goldman,Goldman Konicki
1352,Mcelroy,Mcelroy Kreiter
1353,Yarbrough,Yarbrough Laubscher
1354,Funk,Funk Mcsween
1355,Hong,Hong Memmer
1356,Portillo,Portillo Moorehouse
1357,Lund,Lund Morrish
1358,Ngo,Ngo Mroczek
1359,Elkins,Elkins Navejar
1360,Stroud,Stroud Neighbor
1361,Meredith,Meredith Pennella
1362,Battle,Battle Peraino
1363,Mccauley,Mccauley Petrizzo
1364,Zapata,Zapata Pflieger
1365,Bloom,Bloom Pint
1366,Gee,Gee Porcello
1367,Givens,Givens Raffety
1368,Cardona,Cardona Riedesel
1369,Schafer,Schafer Salado
1370,Robison,Robison Scaletta
1371,Gunter,Gunter Schuring
1372,Griggs,Griggs Slatter
1373,Tovar,Tovar Slaydon
1374,Teague,Teague Solecki
1375,Swift,Swift Spomer
1376,Bowden,Bowden Stangelo
1377,Schulz,Schulz Stockhausen
1378,Blanton,Blanton Suchan
1379,Buckner,Buckner Waldridge
1380,Whalen,Whalen Weiand
1381,Pritchard,Pritchard Widhalm
1382,Pierre,Pierre Wojcicki
1383,Kang,Kang Yassin
1384,Butts,Butts Zawislak
1385,Metcalf,Metcalf Acoff
1386,Kurtz,Kurtz Ausman
1387,Sanderson,Sanderson Bottone
1388,Tompkins,Tompkins Burggraf
1389,Inman,Inman Colliver
1390,Crowder,Crowder Dejulio
1391,Dickey,Dickey Dittmann
1392,Hutchison,Hutchison Fedorchak
1393,Conklin,Conklin Fencl
1394,Hoskins,Hoskins Finocchio
1395,Holbrook,Holbrook Garrette
1396,Horner,Horner Gath
1397,Neely,Neely Godman
1398,Tatum,Tatum Grasse
1399,Hollingsworth,Hollingsworth Greg
1400,Draper,Draper Harpold
1401,Clement,Clement Helgesen
1402,Lord,Lord Hiney
1403,Reece,Reece Hopman
1404,Feldman,Feldman Hopton
1405,Kay,Kay Kernen
1406,Hagen,Hagen Kilzer
1407,Crews,Crews Knippel
1408,Bowles,Bowles Losasso
1409,Post,Post Loutzenhiser
1410,Jewell,Jewell Lovallo
1411,Daley,Daley Mallinson
1412,Cordero,Cordero Malnar
1413,Mckinley,Mckinley Neumayer
1414,Velasco,Velasco Pethtel
1415,Masters,Masters Purohit
1416,Driscoll,Driscoll Reddinger
1417,Burrell,Burrell Scheper
1418,Valle,Valle Sissel
1419,Crow,Crow Thorstenson
1420,Devine,Devine Tinley
1421,Larkin,Larkin Valbuena
1422,Chappell,Chappell Wamble
1423,Pollock,Pollock Wenzl
1424,Kimball,Kimball Winokur
1425,Ly,Ly Allport
1426,Schmitz,Schmitz Beedy
1427,Lu,Lu Blower
1428,Rubin,Rubin Bogacz
1429,Self,Self Boutelle
1430,Barrios,Barrios Burbidge
1431,Pereira,Pereira Caldas
1432,Phipps,Phipps Carriero
1433,Mcmanus,Mcmanus Cornier
1434,Nance,Nance Daisey
1435,Steiner,Steiner Eilerman
1436,Poe,Poe Esselman
1437,Crockett,Crockett Estis
1438,Jeffries,Jeffries Galbo
1439,Amos,Amos Garand
1440,Nix,Nix Gonterman
1441,Newsome,Newsome Harbeck
1442,Dooley,Dooley Haydu
1443,Payton,Payton Henard
1444,Rosen,Rosen Hurry
1445,Swenson,Swenson Husar
1446,Connelly,Connelly Juran
1447,Tolbert,Tolbert Lizcano
1448,Segura,Segura Lonardo
1449,Esposito,Esposito Meneely
1450,Coker,Coker Misiewicz
1451,Biggs,Biggs Morocco
1452,Hinkle,Hinkle Odonnel
1453,Thurman,Thurman Pagliuca
1454,Drew,Drew Pember
1455,Ivey,Ivey Ruckel
1456,Bullard,Bullard Rybacki
1457,Baez,Baez Safar
1458,Neff,Neff Seeberger
1459,Maher,Maher Siharath
1460,Stratton,Stratton Speak
1461,Egan,Egan Spoerl
1462,Dubois,Dubois Tattersall
1463,Gallardo,Gallardo Trench
1464,Blue,Blue Vipond
1465,Rainey,Rainey Wesselman
1466,Yeager,Yeager Yeagle
1467,Saucedo,Saucedo Aliberti
1468,Ferreira,Ferreira Babino
1469,Sprague,Sprague Birchmeier
1470,Lacy,Lacy Brostrom
1471,Hurtado,Hurtado Brunty
1472,Heard,Heard Budlong
1473,Connell,Connell Butter
1474,Stahl,Stahl Bykowski
1475,Aldridge,Aldridge Chaloupka
1476,Amaya,Amaya Coursen
1477,Forrest,Forrest Darga
1478,Erwin,Erwin Denunzio
1479,Gunn,Gunn Doutt
1480,Swan,Swan Dustman
1481,Butcher,Butcher Edgecombe
1482,Rosado,Rosado Follin
1483,Godwin,Godwin Franchini
1484,Hand,Hand Galentine
1485,Gabriel,Gabriel Gettel
1486,Otto,Otto Goldrick
1487,Whaley,Whaley Gomberg
1488,Ludwig,Ludwig Goodheart
1489,Clifford,Clifford Grater
1490,Grove,Grove Greaser
1491,Beaver,Beaver Hilde
1492,Silver,Silver Hirschy
1493,Dang,Dang Humbles
1494,Hammer,Hammer Keshishyan
1495,Dick,Dick Krauser
1496,Boswell,Boswell Leyton
1497,Mead,Mead Libman
1498,Colvin,Colvin Longsworth
1499,Oleary,Oleary Lunetta
1500,Milligan,Milligan Mayorquin
1501,Goins,Goins Mcartor
1502,Ames,Ames Mcgrogan
1503,Dodge,Dodge Mechler
1504,Kaur,Kaur Mein
1505,Escobedo,Escobedo Minnie
1506,Arredondo,Arredondo Montville
1507,Geiger,Geiger Morro
1508,Winkler,Winkler Mountcastle
1509,Dunham,Dunham Newingham
1510,Temple,Temple Peskin
1511,Babcock,Babcock Peto
1512,Billings,Billings Popiel
1513,Grimm,Grimm Printup
1514,Lilly,Lilly Recore
1515,Wesley,Wesley Relford
1516,Mcghee,Mcghee Ricciardelli
1517,Painter,Painter Salles
1518,Siegel,Siegel Savona
1519,Bower,Bower Scheier
1520,Purcell,Purcell Schlater
1521,Block,Block Shaddock
1522,Aguilera,Aguilera Skorupa
1523,Norwood,Norwood Staffieri
1524,Sheridan,Sheridan Taite
1525,Cartwright,Cartwright Terrana
1526,Coates,Coates Trella
1527,Davison,Davison Troll
1528,Regan,Regan Urton
1529,Ramey,Ramey Utech
1530,Koenig,Koenig Verbeke
1531,Kraft,Kraft Vessel
1532,Bunch,Bunch Wadford
1533,Engel,Engel Weidenbach
1534,Tan,Tan Woodhall
1535,Winn,Winn Abrahamian
1536,Steward,Steward Ackerly
1537,Link,Link Akel
1538,Vickers,Vickers Belongia
1539,Bragg,Bragg Cardiff
1540,Piper,Piper Chamlee
1541,Huggins,Huggins Cudmore
1542,Michel,Michel Foiles
1543,Healy,Healy Hailu
1544,Jacob,Jacob Harnack
1545,Mcdonough,Mcdonough Hitchman
1546,Wolff,Wolff Humann
1547,Colbert,Colbert Jaskolski
1548,Zepeda,Zepeda Kanu
1549,Hoang,Hoang Kedzierski
1550,Dugan,Dugan Klugh
1551,Kilgore,Kilgore Lafountaine
1552,Meade,Meade Licciardi
1553,Guillen,Guillen Lowdermilk
1554,Do,Do Lowenberg
1555,Hinojosa,Hinojosa Maulden
1556,Goode,Goode Mctier
1557,Arrington,Arrington Meitzler
1558,Gary,Gary Metzer
1559,Snell,Snell Mitcheltree
1560,Willard,Willard Nishioka
1561,Renteria,Renteria Odonald
1562,Chacon,Chacon Pascuzzi
1563,Gallo,Gallo Pelphrey
1564,Hankins,Hankins Pendergraph
1565,Montano,Montano Pokorney
1566,Browne,Browne Ramones
1567,Peacock,Peacock Schuchard
1568,Ohara,Ohara Seehafer
1569,Cornell,Cornell Sloman
1570,Sherwood,Sherwood Smithee
1571,Castellanos,Castellanos Sporer
1572,Thorpe,Thorpe Stargell
1573,Stiles,Stiles Timme
1574,Sadler,Sadler Tweten
1575,Latham,Latham Widrick
1576,Redmond,Redmond Auletta
1577,Greenberg,Greenberg Baccari
1578,Cote,Cote Berrey
1579,Waddell,Waddell Bignell
1580,Dukes,Dukes Blaszak
1581,Diamond,Diamond Bogden
1582,Bui,Bui Borello
1583,Madrid,Madrid Boxx
1584,Alonso,Alonso Braniff
1585,Sheets,Sheets Bursch
1586,Irvin,Irvin Cafarelli
1587,Hurt,Hurt Clavette
1588,Ferris,Ferris Corallo
1589,Sewell,Sewell Corell
1590,Carlton,Carlton Dealy
1591,Aragon,Aragon Fiacco
1592,Blackmon,Blackmon Garrelts
1593,Hadley,Hadley Gilger
1594,Hoyt,Hoyt Gitter
1595,Mcgraw,Mcgraw Goldwasser
1596,Pagan,Pagan Guzowski
1597,Land,Land Haltiwanger
1598,Tidwell,Tidwell Hillesheim
1599,Lovell,Lovell Hulsizer
1600,Miner,Miner Jankovic
1601,Doss,Doss Koby
1602,Dahl,Dahl Limburg
1603,Delatorre,Delatorre Lopera
1604,Stanford,Stanford Luckman
1605,Kauffman,Kauffman Mcaleese
1606,Vela,Vela Mcclintick
1607,Gagnon,Gagnon Mcgregory
1608,Winston,Winston Montealegre
1609,Gomes,Gomes Mosko
1610,Thacker,Thacker Nogle
1611,Coronado,Coronado Ordones
1612,Ash,Ash Papesh
1613,Jarrett,Jarrett Peragine
1614,Hager,Hager Picco
1615,Samuels,Samuels Podraza
1616,Metzger,Metzger Ras
1617,Raines,Raines Redhead
1618,Spivey,Spivey Rezek
1619,Maurer,Maurer Rork
1620,Han,Han Russian
1621,Voss,Voss Rychlik
1622,Henley,Henley Schraufnagel
1623,Caballero,Caballero Scipione
1624,Caruso,Caruso Siebers
1625,Coulter,Coulter Speziale
1626,North,North Statton
1627,Finn,Finn Terlizzi
1628,Cahill,Cahill Vanblarcom
1629,Lanier,Lanier Vanhoesen
1630,Souza,Souza Welt
1631,Mcwilliams,Mcwilliams Yahya
1632,Deal,Deal Yoshino
1633,Schaffer,Schaffer Zauner
1634,Urban,Urban Abdella
1635,Houser,Houser Appenzeller
1636,Cummins,Cummins Ardila
1637,Romo,Romo Arons
1638,Crocker,Crocker Beaverson
1639,Bassett,Bassett Behunin
1640,Kruse,Kruse Belgard
1641,Bolden,Bolden Boop
1642,Ybarra,Ybarra Branon
1643,Metz,Metz Burbano
1644,Root,Root Capitano
1645,Mcmullen,Mcmullen Carrig
1646,Crump,Crump Conrey
1647,Hagan,Hagan Cowper
1648,Guidry,Guidry Donica
1649,Brantley,Brantley Fineberg
1650,Kearney,Kearney Garms
1651,Beal,Beal Gemberling
1652,Toth,Toth Harrier
1653,Jorgensen,Jorgensen Hottenstein
1654,Timmons,Timmons Hufnagle
1655,Milton,Milton Isch
1656,Tripp,Tripp Janiga
1657,Hurd,Hurd Kitner
1658,Sapp,Sapp Koeppe
1659,Whitman,Whitman Laurich
1660,Messer,Messer Lessing
1661,Burgos,Burgos Liley
1662,Major,Major Macknight
1663,Westbrook,Westbrook Manoukian
1664,Castle,Castle Menk
1665,Serna,Serna Milord
1666,Carlisle,Carlisle Pressly
1667,Varela,Varela Repetto
1668,Cullen,Cullen Rhinesmith
1669,Wilhelm,Wilhelm Seagroves
1670,Bergeron,Bergeron Shehata
1671,Burger,Burger Stechschulte
1672,Posey,Posey Vondrak
1673,Barnhart,Barnhart Walkley
1674,Hackett,Hackett Yep
1675,Madrigal,Madrigal Zuhlke
1676,Eubanks,Eubanks Abundiz
1677,Sizemore,Sizemore Bonifas
1678,Hilliard,Hilliard Buccellato
1679,Hargrove,Hargrove Carel
1680,Boucher,Boucher Cayo
1681,Thomason,Thomason Champlain
1682,Melvin,Melvin Closser
1683,Roper,Roper Conran
1684,Barnard,Barnard Dimitri
1685,Fonseca,Fonseca Dirkes
1686,Pedersen,Pedersen Dunnaway
1687,Quiroz,Quiroz Farruggia
1688,Washburn,Washburn Gielow
1689,Holliday,Holliday Gonsoulin
1690,Yee,Yee Gut
1691,Rudolph,Rudolph Heacox
1692,Bermudez,Bermudez Herrejon
1693,Coyle,Coyle Ipina
1694,Gil,Gil Keatley
1695,Goodrich,Goodrich Khalifa
1696,Pina,Pina Kowitz
1697,Elias,Elias Kratky
1698,Lockwood,Lockwood Labauve
1699,Cabral,Cabral Langseth
1700,Carranza,Carranza Leidig
1701,Duvall,Duvall Mccleod
1702,Cornelius,Cornelius Nidiffer
1703,Mccollum,Mccollum Nurmi
1704,Street,Street Parrot
1705,Mcneal,Mcneal Pelka
1706,Connors,Connors Piscitello
1707,Angel,Angel Plimpton
1708,Paulson,Paulson Propps
1709,Hinson,Hinson Riesenberg
1710,Keenan,Keenan Sapia
1711,Sheldon,Sheldon Shoaff
1712,Farr,Farr Sulewski
1713,Eddy,Eddy Tabar
1714,Samuel,Samuel Takara
1715,Ledbetter,Ledbetter Tomassetti
1716,Ring,Ring Tweet
1717,Betts,Betts Weltz
1718,Fontenot,Fontenot Youtsey
1719,Gifford,Gifford Zahid
1720,Hannah,Hannah Beaudreau
1721,Hanley,Hanley Beckom
1722,Person,Person Bolf
1723,Fountain,Fountain Bovell
1724,Levin,Levin Canete
1725,Stubbs,Stubbs Carre
1726,Hightower,Hightower Childrey
1727,Murdock,Murdock Collick
1728,Koehler,Koehler Cozby
1729,Ma,Ma Denike
1730,Engle,Engle Dunlavey
1731,Smiley,Smiley Febo
1732,Carmichael,Carmichael Forge
1733,Sheffield,Sheffield Franckowiak
1734,Langston,Langston Gamage
1735,Mccracken,Mccracken Geffert
1736,Yost,Yost Glawe
1737,Trotter,Trotter Hardimon
1738,Story,Story Heaven
1739,Starks,Starks Hillestad
1740,Lujan,Lujan Jowett
1741,Blount,Blount Ladewig
1742,Cody,Cody Lamke
1743,Rushing,Rushing Lant
1744,Benoit,Benoit Larned
1745,Herndon,Herndon Leiss
1746,Jacobsen,Jacobsen Lofthouse
1747,Nieto,Nieto Luckow
1748,Wiseman,Wiseman Mam
1749,Layton,Layton Marohn
1750,Epps,Epps Notter
1751,Shipley,Shipley Radebaugh
1752,Leyva,Leyva Ransbottom
1753,Reeder,Reeder Rijo
1754,Brand,Brand Shells
1755,Roland,Roland Stordahl
1756,Fitch,Fitch Stradling
1757,Rico,Rico Subramaniam
1758,Napier,Napier Tomb
1759,Cronin,Cronin Vent
1760,Mcqueen,Mcqueen Vitug
1761,Paredes,Paredes Waitt
1762,Trent,Trent Weimar
1763,Christiansen,Christiansen Wiegers
1764,Pettit,Pettit Ziccardi
1765,Spangler,Spangler Akamine
1766,Langford,Langford Bellissimo